{
  "Haryana": "0.91",
  "Himachal Pradesh": "0.21",
  "Jammu & Kashmir": 0.28,
  "Punjab": 0.76,
  "Rajasthan": 0.87,
  "Uttar Pradesh": 1.11,
  "Uttarakhand": 0.09,
  "Delhi": 0.84,
  "Chandigarh": 1.03,
  "Gujarat": 0.81,
  "Madhya Pradesh": 1.08,
  "Chhattisgarh": 1.13,
  "Maharashtra": 0.97,
  "Goa": 0.6,
  "D.& N. Haveli": 0.76,
  "Daman & Diu": 0.76,
  "Andhra Pradesh": 0.76,
  "Karnataka": 0.59,
  "Kerala": 0.11,
  "Tamil Nadu": 0.95,
  "Lakshadweep": 1.2,
  "Pondicherry": 0.86,
  "Bihar": 1.23,
  "Jharkhand": 1.33,
  "Orissa": 0.58,
  "West Bengal": 1.08,
  "DVC": 1.13,
  "A.& N.Islands": 0.65,
  "Sikkim5": 0.66,
  "Assam": 0.84,
  "Manipur": 0.75,
  "Meghalaya": 0.26,
  "Nagaland": 0.64,
  "Tripura": 1.13,
  "Arunachal Pradesh": 0.06,
  "Mizoram": 0.32
}
